year,precipitation_mm
1993,318.38607047896227
1994,240.7694203997759
1995,390.8153427000291
1996,379.0850117443781
1997,211.53148054307582
1998,463.1080102363603
1999,174.48929222733005
2000,289.26246513938725
2001,287.86217623222836
2002,167.98282929082427
2003,201.61272962250212
2004,232.05899783870265
2005,293.10952718499493
2006,297.3411640483602
2007,136.03662541509237
2008,179.9509802846885
2009,189.4916299772316
2010,411.24915104830126
2011,254.0987976062781
2012,256.4630884006429
2013,86.31097768224954
2014,201.88925729816634
2015,189.76248254719923
2016,288.9959414569974
2017,262.29369394189285
2018,207.42199743834294
2019,322.47544123107895
2020,159.87827365587427
2021,220.93728129340334
2022,155.99954147108215
2023,347.73177552610184
2024,264.7430591001246
2025,327.7051171236744
