Year,Usable delivery total (AF),Class 1 initial allocation,Class 1 final allocation,Class 2 initial allocation,Class 2 final allocation,Class 1 revision (pp),Class 2 revision (pp),policy_curtailment_band,Class 1 system benchmark (AF),Class 2 system benchmark (AF),Combined allocation benchmark (AF),Delivery / benchmark
1993,1679544,1.0,1.0,0.9,0.9,0.0,0.0,100%: full Class 1 allocation,800000.0,1261327.5,2061327.5,0.8147875580178308
1994,586202,0.8,0.8,0.0,0.0,0.0,0.0,51–99%: moderate curtailment,640000.0,0.0,640000.0,0.915940625
1995,1550153,1.0,1.0,1.0,1.0,0.0,0.0,100%: full Class 1 allocation,800000.0,1401475.0,2201475.0,0.7041429041892368
1996,1499210,1.0,1.0,0.58,0.58,0.0,0.0,100%: full Class 1 allocation,800000.0,812855.5,1612855.5,0.9295377050206916
1997,1299678,1.0,1.0,0.6,0.6,0.0,0.0,100%: full Class 1 allocation,800000.0,840885.0,1640885.0,0.7920591631954708
1998,749603,1.0,1.0,0.1,0.1,0.0,0.0,100%: full Class 1 allocation,800000.0,140147.5,940147.5,0.7973248878500448
1999,1091241,1.0,1.0,0.2,0.2,0.0,0.0,100%: full Class 1 allocation,800000.0,280295.0,1080295.0,1.0101324175340995
2000,1192441,1.0,1.0,0.17,0.17,0.0,0.0,100%: full Class 1 allocation,800000.0,238250.75000000003,1038250.75,1.148509644707697
2001,716136,1.0,1.0,0.05,0.05,0.0,0.0,100%: full Class 1 allocation,800000.0,70073.75,870073.75,0.8230750554191527
2002,770071,1.0,1.0,0.08,0.08,0.0,0.0,100%: full Class 1 allocation,800000.0,112118.0,912118.0,0.8442668602088765
2003,1022012,1.0,1.0,0.05,0.05,0.0,0.0,100%: full Class 1 allocation,800000.0,70073.75,870073.75,1.1746268635273733
2004,749090,1.0,1.0,0.08,0.08,0.0,0.0,100%: full Class 1 allocation,800000.0,112118.0,912118.0,0.8212643539542033
2005,1687235,1.0,1.0,,,0.0,,100%: full Class 1 allocation,800000.0,,,
2006,1408425,1.0,1.0,,,0.0,,100%: full Class 1 allocation,800000.0,,,
2007,521449,0.5,0.65,0.0,0.0,15.000000000000002,0.0,51–99%: moderate curtailment,520000.0,0.0,520000.0,1.0027865384615384
2008,716991,1.0,1.0,0.0,0.05,0.0,5.0,100%: full Class 1 allocation,800000.0,70073.75,870073.75,0.8240577307383425
2009,927842,0.25,0.77,0.0,0.18,52.0,18.0,51–99%: moderate curtailment,616000.0,252265.5,868265.5,1.0686155329216698
2010,1220074,1.0,1.0,0.0,0.15,0.0,15.0,100%: full Class 1 allocation,800000.0,210221.25,1010221.25,1.2077294949002508
2011,1444966,1.0,1.0,0.2,0.2,0.0,0.0,100%: full Class 1 allocation,800000.0,280295.0,1080295.0,1.3375661277706552
2012,510114,0.35,0.5,0.0,0.0,15.000000000000002,0.0,26–50%: severe curtailment,400000.0,0.0,400000.0,1.275285
2013,503907,0.65,0.62,0.0,0.0,-3.0000000000000027,0.0,51–99%: moderate curtailment,496000.0,0.0,496000.0,1.0159415322580645
2014,181492,0.0,0.0,0.0,0.0,0.0,0.0,0–25%: extreme curtailment,0.0,0.0,0.0,
2015,119007,0.0,0.0,0.0,0.0,0.0,0.0,0–25%: extreme curtailment,0.0,0.0,0.0,
2016,686468,0.3,0.75,,,45.0,,51–99%: moderate curtailment,600000.0,,,
2017,1538267,1.0,1.0,,,0.0,,100%: full Class 1 allocation,800000.0,,,
2018,903798,0.3,0.88,,,58.00000000000001,,51–99%: moderate curtailment,704000.0,,,
2019,1605488,1.0,1.0,,,0.0,,100%: full Class 1 allocation,800000.0,,,
2020,622491,0.2,0.65,0.0,0.0,45.0,0.0,51–99%: moderate curtailment,520000.0,0.0,520000.0,1.197098076923077
2021,279875,0.2,0.4,0.0,0.0,20.0,0.0,26–50%: severe curtailment,320000.0,0.0,320000.0,0.874609375
2022,505839,0.15,0.3,0.0,0.0,15.0,0.0,26–50%: severe curtailment,240000.0,0.0,240000.0,2.1076625
2023,1720789,1.0,1.0,0.2,0.7,0.0,49.99999999999999,100%: full Class 1 allocation,800000.0,981032.4999999999,1781032.5,0.9661749575035828
2024,1110978,0.6,0.9,0.0,0.0,30.000000000000004,0.0,51–99%: moderate curtailment,720000.0,0.0,720000.0,1.543025
2025,754627,0.45,1.0,0.0,0.0,55.00000000000001,0.0,100%: full Class 1 allocation,800000.0,0.0,800000.0,0.94328375
