district_key,wd_name,district_area_acres,contractor,contractor_key,drought_episodes,cumulative_class2_delivery_af,median_class2_delivery_per_cycle_af,median_well_reports_next_drought,groundwater_outcomes_available,well_outcomes_available,total_groundwater_measurements,groundwater_coverage_pct,well_coverage_pct,class2_af_per_1000_acres
ARVINEDISONWSD,ARVIN-EDISON W.S.D.,132497.3297203474,Arvin-Edison WSD,ARVINEDISONWSD,7,1260010.0,150429.0,2.0,7,7,134.0,100.0,100.0,9509.701083481552
CHOWCHILLAWD,CHOWCHILLA W.D.,89396.33033094471,Chowchilla WD,CHOWCHILLAWD,6,534271.0,101697.5,8.0,6,6,248.0,100.0,100.0,5976.431001385983
DELANOEARLIMARTID,DELANO-EARLIMART I.D.,56405.199866890485,Delano-Earlimart ID,DELANOEARLIMARTID,7,488072.0,67050.0,3.0,7,7,135.0,100.0,100.0,8652.961094930813
EXETERID,EXETER I.D.,15151.497764094293,Exeter ID,EXETERID,7,69921.0,10552.0,3.0,7,7,104.0,100.0,100.0,4614.7912957950175
FRESNOID,FRESNO I.D.,247595.7996435775,Fresno ID,FRESNOID,7,127324.0,9048.0,14.5,7,7,322.0,100.0,100.0,514.2413570152934
GRAVELLYFORDWD,GRAVELLY FORD W.D.,8425.189756398651,Gravelly Ford WD,GRAVELLYFORDWD,6,85422.0,13300.0,0.0,5,6,25.0,83.33333333333333,100.0,10138.88143410952
IVANHOEID,IVANHOE I.D.,10960.37297008336,Ivanhoe ID,IVANHOEID,7,4591.772151898735,500.0,3.0,5,7,93.0,71.42857142857143,100.0,418.94305644817956
KERNTULAREWD,KERN-TULARE W.D.,17773.68282662543,Kern-Tulare WD,KERNTULAREWD,3,18697.0,5046.0,1.0,3,3,24.0,100.0,100.0,1051.9485568849816
LINDMOREID,LINDMORE I.D.,27609.712367243876,Lindmore ID,LINDMOREID,7,109496.0,19762.0,7.0,6,7,414.0,85.71428571428571,100.0,3965.8508043678826
LOWERTULERIVERID,LOWER TULE RIVER I.D.,103078.78807950346,Lower Tule River ID,LOWERTULERIVERID,7,1211290.0,175901.0,13.0,7,7,337.0,100.0,100.0,11751.10827909372
MADERAID,MADERA I.D.,145759.66647909157,Madera ID,MADERAID,6,440958.0,48625.5,13.5,6,6,485.0,100.0,100.0,3025.240182360413
PORTERVILLEID,PORTERVILLE I.D.,16997.829438583347,Porterville ID,PORTERVILLEID,7,170497.16,27000.0,1.0,7,7,39.0,100.0,100.0,10030.52540420183
SAUCELITOID,SAUCELITO I.D.,19783.51913912989,Saucelito ID,SAUCELITOID,7,173219.0,29520.0,1.0,7,7,58.0,100.0,100.0,8755.72231521689
SHAFTERWASCOID,SHAFTER-WASCO I.D.,38918.81909769591,Shafter-Wasco ID,SHAFTERWASCOID,7,202782.0,32644.0,1.0,7,7,205.0,100.0,100.0,5210.384197191769
SOUTHERNSANJOAQUINMUD,SOUTHERN SAN JOAQUIN M.U.D.,64654.386176060485,Southern San Joaquin MUD,SOUTHERNSANJOAQUINMUD,7,282474.0,41963.0,4.0,7,7,76.0,100.0,100.0,4368.984328933145
TULAREID,TULARE I.D.,71913.38946603598,Tulare ID,TULAREID,7,550884.0,67637.0,11.0,7,7,2337.0,100.0,100.0,7660.381524085684
