wd_name,district_area_acres,mapped_lulc_acres,permanent_crop_acres,idle_fallow_acres,well_completion_records,usgs_monitoring_locations,approximate_turnouts,federal_canal_km,permanent_crop_share,well_records_per_1000_mapped_acres,monitor_locations_per_1000_mapped_acres,district_key,name_match_key,district_name,label_id,mapped_cells,coverage_percent,mapped_km2,mean_gwp_score,median_gwp_score,percent_very_low,percent_low,percent_moderate,percent_high,percent_very_high,dominant_cell_class,mean_score_class,gwp_name_match,mean_pixel_weight_sensitivity_sd,coverage_flag,no_valid_score,delivery_name_match,canonical_key,curtailment_years,full_class1_years,mean_delivery_extreme_or_severe_af,mean_delivery_full_class1_af,absolute_reduction_af,relative_reduction_percent,curtailment_to_full_ratio,delivery_comparison_eligible
ALPAUGH I.D.,11812.450407875252,6981.7513870368375,2600.6302137852026,2480.8991778609447,36.0,50.0,0.0,0.0,0.3724896619226297,5.1562993301139235,7.161526847380449,ALPAUGHID,ALPAUGH I.D.,ALPAUGH I.D.,D36,3387,57.81836804370092,27.42044942290039,3.821511268615722,3.81999945640564,0.0,0.0,0.0,100.0,0.0,High,High,both,0.13505102694034576,Below 80% mapped,False,True,ALPAUGHID,5.0,17.0,0.0,5125.411764705882,5125.411764705882,100.0,0.0,True
ARVIN-EDISON W.S.D.,132497.32972034486,110964.66188767832,52738.6747142816,6506.54339657065,518.0,987.0,0.0,0.0,0.4752745046676683,4.668152826206372,8.894723628312141,ARVINEDISONWSD,ARVIN-EDISON W.S.D.,ARVIN-EDISON W.S.D.,D44,53161,80.27088649644405,430.38042863029455,4.033764839172363,4.0799994468688965,0.0,0.0037621564680875,4.3810312070879025,59.89541205018717,35.71979458625684,High,High,both,0.09974004328250885,At least 80% mapped,False,True,ARVINEDISONWSD,5.0,17.0,19469.8,136480.76470588235,117010.96470588235,85.73439997793268,0.1426560002206732,True
ATWELL ISLAND W.D.,7248.164244895155,5221.1541934588395,172.30081718936464,5039.778281880118,11.0,24.0,0.0,0.0,0.0330005226440595,2.106813856173987,4.596684777106881,ATWELLISLANDWD,ATWELL ISLAND W.D.,ATWELL ISLAND W.D.,D37,2616,71.6908742121129,21.17859335409136,3.90569519996643,3.87999963760376,0.0,0.0,0.0,100.0,0.0,High,High,both,0.13603179156780243,Below 80% mapped,False,True,ATWELLISLANDWD,5.0,17.0,0.0,1300.8823529411766,1300.8823529411766,100.0,0.0,True
CHOWCHILLA W.D.,89396.33033094465,76298.17628696295,54239.43785705188,1784.0906070615501,746.0,331.0,0.0,0.0,0.7108877367271983,9.777428980664494,4.338242617426204,CHOWCHILLAWD,CHOWCHILLA W.D.,CHOWCHILLA W.D.,D01,37425,83.79419206054229,302.9850368030845,4.095229148864746,4.0799994468688965,0.0,0.0,0.0,63.75417501670007,36.24582498329993,High,High,both,0.09155776351690292,At least 80% mapped,False,False,,,,,,,,,False
CITY OF FRESNO SERVICE AREA,90355.57499747697,81628.9828673805,3651.4513841790285,2512.8432043511616,556.0,445.0,0.0,0.0,0.044732290614369195,6.811306235474133,5.451495098535952,CITYOFFRESNO,CITY OF FRESNO SERVICE AREA,CITY OF FRESNO SERVICE AREA,D13,40237,89.02779006991769,325.7504055002194,3.982985496520996,3.9599995613098145,0.0,0.0,0.0720729676665755,77.35666177895966,22.57126525337376,High,High,both,0.10457871109247208,At least 80% mapped,False,True,CITYOFFRESNO,5.0,18.0,16961.4,55225.166666666664,38263.76666666666,69.28682877069934,0.30713171229300656,True
CITY OF LINDSAY,1522.071544425679,1404.3088156075637,135.40203867287192,67.77917289968636,8.0,17.0,0.0,0.0,0.09641899072910914,5.6967526736908365,12.105599431593028,CITYOFLINDSAY,CITY OF LINDSAY,CITY OF LINDSAY,D24,709,92.31770833333331,5.739916929683017,4.105217933654785,4.039999485015869,0.0,0.0,0.4231311706629055,75.45839210155148,24.118476727785616,High,High,both,0.09223664551973343,At least 80% mapped,False,True,CITYOFLINDSAY,5.0,19.0,983.8,1774.0,790.2,44.54340473506201,0.5545659526493799,True
CITY OF ORANGE COVE,958.0342288803731,807.201536780659,8.93263530676159,70.91946948458516,3.0,1.0,0.0,0.0,0.01106617728007232,3.716543964924574,1.2388479883081913,CITYOFORANGECOVE,CITY OF ORANGE COVE,CITY OF ORANGE COVE,D17,387,84.31372549019608,3.1330717232543406,3.773436307907105,3.739999294281006,0.0,0.0,0.0,97.41602067183464,2.5839793281653747,High,High,both,0.11753521859645844,At least 80% mapped,False,True,CITYOFORANGECOVE,5.0,19.0,1450.0,1523.842105263158,73.84210526315792,4.84578454736988,0.9515421545263012,True
CITY OF VISALIA,17294.265809549765,16535.538291984496,135.9483395843185,515.2050469076532,104.0,173.0,0.0,0.0,0.008221585362613726,6.2894837871962945,10.462314376778451,CITYOFVISALIA,CITY OF VISALIA,CITY OF VISALIA,D21,8132,93.65426695842451,65.8349851511739,4.026071548461914,3.999999523162842,0.0,0.0,0.0,91.0231185440236,8.97688145597639,High,High,both,0.08942591398954391,At least 80% mapped,False,False,,,,,,,,,False
DELANO-EARLIMART I.D.,56405.199866891024,49850.17658213331,42064.569662651535,4084.6655638046013,185.0,581.0,14.0,20.41788859537012,0.8438198728011688,3.711120254412608,11.65492360980392,DELANOEARLIMARTID,DELANO-EARLIMART I.D.,DELANO-EARLIMART I.D.,D38,24030,85.22485458930345,194.54189537416488,4.039300918579102,4.059999465942383,0.0,0.0,0.2372034956304619,69.10528506034123,30.657511444028295,High,High,both,0.09797728806734085,At least 80% mapped,False,True,DELANOEARLIMARTID,5.0,19.0,66448.0,128182.94736842105,61734.94736842105,48.16159140964641,0.5183840859035359,True
EXETER I.D.,15151.4977640949,12897.14317802806,10581.04816278804,456.0982976194654,226.0,162.0,0.0,10.217287612744084,0.8204179806900349,17.523260529899368,12.560921264795121,EXETERID,EXETER I.D.,EXETER I.D.,D22,6287,83.00765777660418,50.89824786589158,4.1220831871032715,4.119999408721924,0.0,0.8271035470017497,1.0815969460792112,56.195323683791955,41.89597582312709,High,High,both,0.08926386386156082,At least 80% mapped,False,True,EXETERID,5.0,18.0,4512.2,15291.388888888889,10779.18888888889,70.49188904430599,0.29508110955694017,True
"FRASINETTO FARMS, LLC",155.03719677752048,107.55485788154817,107.55485788154817,0.0,0.0,0.0,0.0,0.0,1.0,0.0,0.0,FRASINETTOFARMSLLC,"FRASINETTO FARMS, LLC","FRASINETTO FARMS, LLC",D33,58,69.04761904761905,0.4695559688598236,3.591378927230835,3.619999408721924,0.0,0.0,27.58620689655172,72.41379310344827,0.0,High,High,both,0.10067766904830933,Below 80% mapped,False,False,,,,,,,,,False
FRESNO CO. SERVICE AREA NO. 34,1606.4512677661803,203.53514103598226,0.0,0.0,0.0,0.0,0.0,0.0,0.0,0.0,0.0,COUNTYOFFRESNOSA34,FRESNO CO. SERVICE AREA NO. 34,FRESNO CO. SERVICE AREA NO. 34,D07,103,12.622549019607844,0.8338666343545145,2.794271469116211,2.9099996089935303,0.0,33.980582524271846,66.01941747572816,0.0,0.0,Moderate,Moderate,both,0.11423391848802567,Below 80% mapped,False,True,COUNTYOFFRESNOSA34,4.0,16.0,558.5,436.5625,-121.9375,-27.93128131710809,1.279312813171081,True
FRESNO CO. SERVICE AREA NO. 34A,497.6426749156317,247.74220121150458,0.0,0.0,0.0,0.0,0.0,0.0,0.0,0.0,0.0,FRESNOCOSERVICEAREANO34A,FRESNO CO. SERVICE AREA NO. 34A,FRESNO CO. SERVICE AREA NO. 34A,D08,64,26.122448979591837,0.5181307242591158,2.2749996185302734,2.239999771118164,0.0,89.0625,10.9375,0.0,0.0,Low,Low,both,0.11814676225185394,Below 80% mapped,False,False,,,,,,,,,False
FRESNO CO. SERVICE AREA NO. 41,1975.045017113598,0.0,0.0,0.0,0.0,0.0,0.0,0.0,,,,FRESNOCOSERVICEAREANO41,FRESNO CO. SERVICE AREA NO. 41,FRESNO CO. SERVICE AREA NO. 41,D02,0,0.0,0.0,,,,,,,,No data,No data,both,,No valid score,True,False,,,,,,,,,False
FRESNO CO. WATERWORKS NO. 18,814.4095440588541,171.31741721020444,0.0,0.0,0.0,1.0,0.0,0.0,0.0,0.0,5.837118118428156,FRESNOCOWATERWORKSNO18,FRESNO CO. WATERWORKS NO. 18,FRESNO CO. WATERWORKS NO. 18,D06,71,17.317073170731707,0.5748012722249566,4.351970672607422,4.4499993324279785,0.0,0.0,1.4084507042253522,22.535211267605636,76.05633802816901,Very High,Very High,both,0.06912897527217865,Below 80% mapped,False,False,,,,,,,,,False
FRESNO I.D.,247595.79964357876,209177.2732751784,102841.73726770582,7287.215898622074,2614.0,912.0,0.0,8.463903289781728,0.49164871334953636,12.496577467864839,4.359938274939836,FRESNOID,FRESNO I.D.,FRESNO I.D.,D14,102666,82.92088004393759,831.1626396372872,4.154818058013916,4.179999351501465,0.0,0.1022733913856583,0.917538425574192,54.47957454269184,44.50061364034831,High,High,both,0.0869915783405304,At least 80% mapped,False,True,FRESNOID,5.0,18.0,1050.6,19249.5,18198.9,94.54219590119224,0.05457804098807761,True
GARFIELD W.D.,1810.1613562576576,1503.1684540561403,562.8389450485874,464.0022989719416,27.0,8.0,0.0,0.0,0.37443504321144205,17.962058694847787,5.322091465140085,GARFIELDWD,GARFIELD W.D.,GARFIELD W.D.,D10,683,75.63676633444075,5.529426322952751,4.12114143371582,4.219999313354492,0.0,0.5856515373352855,3.6603221083455346,36.603221083455345,59.150805270863835,Very High,High,both,0.1082182452082634,Below 80% mapped,False,True,GARFIELDWD,5.0,19.0,820.8,2586.9473684210525,1766.1473684210525,68.271484375,0.31728515625,True
GRAVELLY FORD W.D.,8425.189756399819,7517.778294187612,7473.427688480893,4.830883661385229,54.0,44.0,0.0,0.0,0.9941005701457026,7.1829731985778595,5.852792976618997,GRAVELLYFORDWD,GRAVELLY FORD W.D.,GRAVELLY FORD W.D.,D12,3761,88.51494469286891,30.4482758427896,3.841850042343139,3.739999771118164,0.0,0.0,1.329433661260303,85.93459186386599,12.735974474873704,High,High,both,0.10432149469852448,At least 80% mapped,False,False,,,,,,,,,False
HIDDEN LAKES ESTATES,153.76140217327955,0.0,0.0,0.0,0.0,0.0,0.0,0.0,,,,HIDDENLAKESESTATES,HIDDEN LAKES ESTATES,HIDDEN LAKES ESTATES,D03,0,0.0,0.0,,,,,,,,No data,No data,both,,No valid score,True,False,,,,,,,,,False
HILLS VALLEY I.D.,4421.282665239849,3445.3112444989383,3018.881319951838,79.49159975410592,104.0,9.0,0.0,0.0,0.8762289110372908,30.185952043100542,2.612245849883701,HILLSVALLEYID,HILLS VALLEY I.D.,HILLS VALLEY I.D.,D16,1698,76.79782903663501,13.746655777999663,3.8501174449920654,3.93999981880188,0.0,6.007067137809187,13.36866902237927,58.77502944640754,21.849234393404004,High,High,both,0.10856082290410995,Below 80% mapped,False,True,HILLSVALLEYID,5.0,18.0,4593.2,4606.166666666667,12.966666666667152,0.28150667583313194,0.9971849332416687,True
INTERNATIONAL W.D.,723.1694217384044,608.0844218327064,271.0526188598975,201.8540216807008,5.0,1.0,0.0,0.0,0.4457483354744916,8.222542496534434,1.6445084993068868,INTERNATIONALWD,INTERNATIONAL W.D.,INTERNATIONAL W.D.,D11,295,82.86516853932584,2.388258807131862,3.964745283126831,4.0199995040893555,0.0,0.0,4.067796610169491,74.57627118644068,21.35593220338983,High,High,both,0.10139723122119904,At least 80% mapped,False,True,INTERNATIONALWD,5.0,19.0,521.6,1365.0526315789473,843.4526315789473,61.78901912399753,0.3821098087600247,True
IVANHOE I.D.,10960.37297008372,9612.33504418911,8942.331278074782,274.40708778505535,330.0,83.0,0.0,0.0,0.9302975018001103,34.33088822673665,8.634738553997398,IVANHOEID,IVANHOE I.D.,IVANHOE I.D.,D20,4644,84.79094394741647,37.596860679052085,3.958169221878052,4.039999485015869,0.0,0.9043927648578812,2.1102497846683894,73.96640826873386,23.018949181739877,High,High,both,0.10999138653278351,At least 80% mapped,False,True,IVANHOEID,5.0,19.0,3263.4,10446.78947368421,7183.38947368421,68.76169460272357,0.3123830539727643,True
KERN-TULARE W.D.,17773.682826625678,15301.240353133997,13462.932761388232,802.8364741678465,88.0,44.0,0.0,0.0,0.879858916707413,5.751167746474609,2.8755838732373045,KERNTULAREWD,KERN-TULARE W.D.,KERN-TULARE W.D.,D41,7664,86.13171499213307,62.04615423002912,3.53202223777771,3.619999408721924,0.0,0.0,41.20563674321503,57.58089770354906,1.2134655532359082,High,High,both,0.10902287811040878,At least 80% mapped,False,True,KERNTULAREWD,5.0,18.0,32199.6,36264.555555555555,4064.955555555556,11.209169651419659,0.8879083034858034,True
LEWIS CREEK W.D.,1294.1332832703315,1075.3514900076052,1033.597625034538,33.58592594012995,19.0,15.0,0.0,0.0,0.9611718909016698,17.668641534002642,13.94892752684419,LEWISCREEKWD,LEWIS CREEK W.D.,LEWIS CREEK W.D.,D23,542,84.95297805642633,4.387919571069387,4.025571346282959,4.0199995040893555,0.0,0.0,0.0,78.41328413284133,21.58671586715867,High,High,both,0.1043146550655365,At least 80% mapped,False,True,LEWISCREEKWD,5.0,18.0,282.4,1027.1666666666667,744.7666666666668,72.50689599221158,0.2749310400778841,True
LINDMORE I.D.,27609.712367244494,23703.246250035732,19668.582625854677,1071.628671515199,347.0,83.0,2.0,2.5598939695349343,0.8297843433924172,14.639345022181377,3.5016300773517415,LINDMOREID,LINDMORE I.D.,LINDMORE I.D.,D27,11377,82.60364481231395,92.10583202962437,3.863472223281861,3.819999694824219,0.0087896633558934,0.2724795640326975,0.3340072075239518,91.19275731739476,8.191966247692713,High,High,both,0.1024923026561737,At least 80% mapped,False,True,LINDMOREID,5.0,19.0,10655.6,41762.52631578947,31106.926315789475,74.4852600165346,0.2551473998346541,True
LINDSAY-STRATHMORE I.D.,16058.710863403938,12323.772968326075,9978.816042474366,975.274020089113,160.0,45.0,1.0,15.56817999269997,0.8097208596848874,12.983036965320908,3.6514791464965053,LINDSAYSTRATHMOREID,LINDSAY-STRATHMORE I.D.,LINDSAY-STRATHMORE I.D.,D26,5927,73.86590229312064,47.98376254193405,3.877504110336304,4.0199995040893555,0.0,6.411337944997469,6.293234351273831,72.59996625611608,14.69546144761262,High,High,both,0.09901069849729538,Below 80% mapped,False,True,LINDSAYSTRATHMOREID,5.0,18.0,27021.4,22022.333333333332,-4999.066666666669,-22.699986377465308,1.226999863774653,True
LOWER TULE RIVER I.D.,103078.78807950347,81447.95875949408,34158.57645979819,2263.5507434601564,912.0,616.0,0.0,0.0,0.4193914369378404,11.19733402641833,7.563111579247469,LOWERTULERIVERID,LOWER TULE RIVER I.D.,LOWER TULE RIVER I.D.,D29,39313,76.3240661644793,318.2698931687284,3.952564239501953,3.9599995613098145,0.0,0.0,0.0356116297407982,75.66962582351894,24.294762546740262,High,High,both,0.09458513557910919,Below 80% mapped,False,True,LOWERTULERIVERID,4.0,18.0,11387.0,188995.77777777778,177608.77777777778,93.97499767778469,0.06025002322215311,True
MADERA I.D.,145759.66647908834,115806.00063355266,94810.31057661361,4082.915765060014,1166.0,631.0,0.0,4.517061283976137,0.8186994633950261,10.068562886387884,5.448767736973203,MADERAID,MADERA I.D.,MADERA I.D.,D09,56099,77.09295294635004,454.1658671908146,4.068742275238037,4.0199995040893555,0.0,0.0053476889071106,0.2139075562844257,66.04395800281645,33.736786751992014,High,High,both,0.09502757340669632,Below 80% mapped,False,False,,,,,,,,,False
Not In Service Area,231.05520656482335,41.74596504134857,0.0,0.0,1.0,0.0,0.0,0.0,0.0,23.954410899580818,0.0,NOTINSERVICEAREA,NOT IN SERVICE AREA,Not In Service Area,D05,21,17.796610169491526,0.1700116438975223,1.9980950355529783,1.9599997997283936,0.0,100.0,0.0,0.0,0.0,Low,Low,both,0.10519665479660034,Below 80% mapped,False,False,,,,,,,,,False
ORANGE COVE I.D.,29215.14146941737,24578.608271956266,21356.08970682728,1308.6337013384184,897.0,102.0,0.0,25.790675836120826,0.8688892987970429,36.49515017591376,4.149950187227651,ORANGECOVEID,ORANGE COVE I.D.,ORANGE COVE I.D.,D18,11778,80.7320584001645,95.3522448488104,4.0153889656066895,4.119999408721924,0.0,1.5707250806588555,3.2093734080489043,70.03735778570216,25.182543725590083,High,High,both,0.10019566118717194,At least 80% mapped,False,True,ORANGECOVEID,5.0,19.0,17681.0,30779.21052631579,13098.21052631579,42.555381708432726,0.5744461829156727,True
PIXLEY I.D.,69845.74075289235,53879.55216763371,24501.866823276236,2840.408751505143,369.0,144.0,0.0,0.0,0.4547526072051299,6.848609261857676,2.6726280046273856,PIXLEYID,PIXLEY I.D.,PIXLEY I.D.,D34,26161,74.8847860312008,211.79402933348013,3.914681911468506,3.8999996185302734,0.0,0.0,0.630709835250946,81.23924926417186,18.130040900577196,High,High,both,0.10288643836975098,Below 80% mapped,False,True,PIXLEYID,5.0,18.0,1606.0,47440.055555555555,45834.055555555555,96.61467512802706,0.03385324871972934,True
PORTERVILLE I.D.,16997.829438582397,13907.803819590681,8923.676166640174,775.35466119378,110.0,86.0,9.0,9.45533895514887,0.6416308629598434,7.909228619190963,6.1835787386402075,PORTERVILLEID,PORTERVILLE I.D.,PORTERVILLE I.D.,D30,6687,78.32962398969192,54.136564892511046,4.17238187789917,4.279999732971191,0.0,0.0,1.4505757439808582,43.72663376701062,54.82279048900852,Very High,High,both,0.07714085280895233,Below 80% mapped,False,True,PORTERVILLEID,5.0,19.0,4465.8,17036.0,12570.2,73.78610002347969,0.2621389997652031,True
RAG GULCH W.D.,6038.178802680437,5607.671057213046,4934.302904774029,197.9266501989679,19.0,36.0,0.0,0.0,0.8799201762070413,3.3882158575547408,6.419777414314246,RAGGULCHWD,RAG GULCH W.D.,RAG GULCH W.D.,D40,2719,90.51264980026632,22.01245998844587,3.8147146701812744,3.8999993801116943,0.0,0.0,7.282089003310041,87.09084222140493,5.627068775285031,High,High,both,0.1060609221458435,At least 80% mapped,False,True,,,,,,,,,False
SAUCELITO I.D.,19783.51913912926,17598.108651400806,15661.614641830796,369.26759050361926,107.0,57.0,1.0,5.837930384262808,0.8899601060585641,6.080198850885195,3.238984434583702,SAUCELITOID,SAUCELITO I.D.,SAUCELITO I.D.,D32,8491,85.9412955465587,68.74137468256487,3.996021032333374,3.979999542236328,0.0,0.0,0.1177717583323519,77.45848545518784,22.423742786479803,High,High,both,0.09013987332582474,At least 80% mapped,False,True,SAUCELITOID,5.0,19.0,8215.0,38778.63157894737,30563.631578947367,78.81565267903919,0.2118434732096081,True
SHAFTER-WASCO I.D.,38918.81909769478,34191.371182226016,25198.805030034575,1263.7525083879182,244.0,301.0,0.0,0.0,0.7369931113828474,7.136303446257825,8.803390726736087,SHAFTERWASCOID,SHAFTER-WASCO I.D.,SHAFTER-WASCO I.D.,D43,16704,85.63957959497564,135.2321190316292,4.097918510437012,4.159999370574951,0.0,0.0,4.448036398467433,50.02993295019157,45.522030651341,High,High,both,0.10212403535842896,At least 80% mapped,False,True,SHAFTERWASCOID,5.0,19.0,15938.4,66782.31578947368,50843.91578947368,76.13380157369112,0.23866198426308888,True
SKY HARBOUR,77.78491421609517,0.0,0.0,0.0,0.0,0.0,0.0,0.0,,,,SKYHARBOUR,SKY HARBOUR,SKY HARBOUR,D04,0,0.0,0.0,,,,,,,,No data,No data,both,,No valid score,True,False,,,,,,,,,False
SOUTHERN SAN JOAQUIN M.U.D.,64654.386176058775,54141.05631722676,41292.10792796966,2948.868839752504,328.0,530.0,2.0,12.68515108401396,0.7626764370098043,6.058248994592224,9.789243802237436,SOUTHERNSANJOAQUINMUD,SOUTHERN SAN JOAQUIN M.U.D.,SOUTHERN SAN JOAQUIN M.U.D.,D42,26310,81.43241821164382,213.00030242589588,3.887413501739502,3.87999963760376,0.0,0.0,8.080577727099962,74.64842265298365,17.27099961991638,High,High,both,0.1057712733745575,At least 80% mapped,False,True,SOUTHERNSANJOAQUINMUD,5.0,19.0,34927.8,110728.1052631579,75800.30526315789,68.45624702329177,0.3154375297670824,True
STONE CORRAL I.D.,6948.6315882016115,6044.43663170208,4978.482125051549,226.3453304858363,152.0,23.0,0.0,3.933840250638812,0.8236470044106716,25.147091327384405,3.805151977170009,STONECORRALID,STONE CORRAL I.D.,STONE CORRAL I.D.,D19,2879,82.25714285714285,23.30778679909366,4.055810451507568,4.219999313354492,0.0,0.93782563390066,3.021882598124349,45.606113233761725,50.43417853421327,Very High,High,both,0.10102401673793793,At least 80% mapped,False,True,STONECORRALID,5.0,19.0,4633.6,8352.736842105263,3719.136842105263,44.52596690652921,0.5547403309347079,True
STRATHMORE P.U.D.,361.66335073099333,307.1451307002367,0.9308506706533302,12.340632450107039,0.0,1.0,1.0,0.2445629084415466,0.003030654168376868,0.0,3.255789853220777,STRATHMOREPUD,STRATHMORE P.U.D.,STRATHMORE P.U.D.,D28,163,85.34031413612566,1.3196141883474355,3.854477882385254,3.8399994373321538,0.0,0.0,0.0,99.38650306748468,0.6134969325153374,High,High,both,0.10179706662893295,At least 80% mapped,False,True,STRATHMOREPUD,5.0,18.0,394.6,451.3333333333333,56.73333333333329,12.570162481536185,0.8742983751846382,True
STYRO-TEK INC.,10.518404586734142,0.0,0.0,0.0,0.0,1.0,0.0,0.0,,,,STYROTEKINC,STYRO-TEK INC.,STYRO-TEK INC.,D39,0,0.0,0.0,,,,,,,,No data,No data,both,,No valid score,True,True,,,,,,,,,False
TEA POT DOME W.D.,3572.2290539283294,3177.529068923585,2912.046047627466,146.68467396264649,52.0,18.0,0.0,0.0,0.9164498528455466,16.36491716427175,5.664779018401759,TEAPOTDOMEWD,TEA POT DOME W.D.,TEA POT DOME W.D.,D31,1531,86.49717514124293,12.394658419386037,3.400815963745117,3.3999996185302734,0.0,0.0,61.593729588504246,38.406270411495754,0.0,Moderate,High,both,0.13117584586143494,At least 80% mapped,False,True,TEAPOTDOMEWD,5.0,19.0,2279.2,6772.631578947368,4493.4315789473685,66.3469070562636,0.33653092943736396,True
TERRA BELLA I.D.,13880.326470764185,10820.931299153457,7895.8948073576275,1561.9712988749404,46.0,24.0,0.0,0.7837024971677377,0.7296871765534025,4.251020427751785,2.2179237014357134,TERRABELLAID,TERRA BELLA I.D.,TERRA BELLA I.D.,D35,5310,76.73410404624278,42.98865852837351,3.5648279190063477,3.5799996852874756,0.0,1.2052730696798493,39.811676082862526,53.69114877589454,5.291902071563088,High,High,both,0.11974497884511948,Below 80% mapped,False,True,TERRABELLAID,5.0,19.0,15712.0,18285.36842105263,2573.36842105263,14.073374743107802,0.859266252568922,True
TRI-VALLEY W.D.,2853.099105512645,1264.529188877164,838.229349577742,301.0247034570235,21.0,4.0,0.0,2.2172653230558907,0.6628786088536605,16.60697134136295,3.163232636450086,TRIVALLEYWD,TRI-VALLEY W.D.,TRI-VALLEY W.D.,D15,626,43.8375350140056,5.067966146659476,3.794456243515014,4.119999408721924,0.0,7.0287539936102235,22.683706070287545,27.95527156549521,42.33226837060703,Very High,High,both,0.11193042248487473,Below 80% mapped,False,True,TRIVALLEYWD,5.0,17.0,951.4,1087.3529411764705,135.95294117647052,12.503110630240732,0.8749688936975927,True
TULARE I.D.,71913.38945929379,61747.22802979873,23888.697311198135,809.3819811871707,615.0,446.0,0.0,0.0,0.3868788619898797,9.959961274750759,7.222996306567217,TULAREID,TULARE I.D.,TULARE I.D.,D25,30443,84.76874669339793,246.46021310344156,3.8719348907470703,3.779999494552612,0.0,0.0,0.0,85.3069671188779,14.693032881122098,High,High,both,0.09831055998802185,At least 80% mapped,False,True,TULAREID,5.0,18.0,5300.2,98370.16666666667,93069.96666666667,94.61198432451573,0.05388015675484267,True
